{
  "api": {
    "mybookstorecc": {
      "dependsOn": [
        {
          "attributes": [
            "UserPoolId"
          ],
          "category": "auth",
          "resourceName": "mybookstorecc6dffaa4b"
        }
      ],
      "output": {
        "authConfig": {
          "additionalAuthenticationProviders": [
            {
              "authenticationType": "AMAZON_COGNITO_USER_POOLS",
              "userPoolConfig": {
                "userPoolId": "authmybookstorecc6dffaa4b"
              }
            }
          ],
          "defaultAuthentication": {
            "apiKeyConfig": {
              "apiKeyExpirationDays": 7
            },
            "authenticationType": "API_KEY"
          }
        }
      },
      "providerPlugin": "awscloudformation",
      "service": "AppSync"
    }
  },
  "auth": {
    "mybookstorecc6dffaa4b": {
      "customAuth": false,
      "dependsOn": [],
      "frontendAuthConfig": {
        "mfaConfiguration": "OFF",
        "mfaTypes": [
          "SMS"
        ],
        "passwordProtectionSettings": {
          "passwordPolicyCharacters": [],
          "passwordPolicyMinLength": 8
        },
        "signupAttributes": [
          "EMAIL"
        ],
        "socialProviders": [],
        "usernameAttributes": [],
        "verificationMechanisms": [
          "EMAIL"
        ]
      },
      "providerPlugin": "awscloudformation",
      "service": "Cognito"
    }
  },
  "function": {
    "createOrder": {
      "build": true,
      "providerPlugin": "awscloudformation",
      "service": "Lambda"
    },
    "processPayment": {
      "build": true,
      "providerPlugin": "awscloudformation",
      "service": "Lambda"
    }
  },
  "parameters": {
    "AMPLIFY_function_createOrder_deploymentBucketName": {
      "usedBy": [
        {
          "category": "function",
          "resourceName": "createOrder"
        }
      ]
    },
    "AMPLIFY_function_createOrder_s3Key": {
      "usedBy": [
        {
          "category": "function",
          "resourceName": "createOrder"
        }
      ]
    },
    "AMPLIFY_function_processPayment_deploymentBucketName": {
      "usedBy": [
        {
          "category": "function",
          "resourceName": "processPayment"
        }
      ]
    },
    "AMPLIFY_function_processPayment_s3Key": {
      "usedBy": [
        {
          "category": "function",
          "resourceName": "processPayment"
        }
      ]
    }
  },
  "storage": {
    "ecomccproj": {
      "dependsOn": [],
      "providerPlugin": "awscloudformation",
      "service": "S3"
    }
  }
}